"Employee Number","First Name","Last Name","Email","Gross Salary (₦)","PAYE Tax (₦)","NHF Contribution (₦)","Employee Pension (₦)","Net Salary (₦)","Employer Pension (₦)","Payroll Month","Issued Date"
"EMP033","Chinonso","Eze","chinonso.eze@example.com","440,461.75","58,161.20","0.00","26,427.70","355,872.85","33,034.63","2026-01","Mon Jan 26 2026 11:12:14 GMT+0000 (Greenwich Mean Time)"
"EMP034","Seyi","Adebayo","seyi.adebayo@example.com","446,669.00","59,281.49","0.00","26,800.14","360,587.37","33,500.18","2026-01","Mon Jan 26 2026 11:12:14 GMT+0000 (Greenwich Mean Time)"
"EMP035","Bukola","Abiola","bukola.abiola@example.com","421,862.58","54,804.43","0.00","25,311.75","341,746.40","31,639.69","2026-01","Mon Jan 26 2026 11:12:14 GMT+0000 (Greenwich Mean Time)"
"EMP060","Ngozi","Okafor","ngozi.okafor@example.com","334,764.83","40,032.73","0.00","20,085.89","274,646.21","25,107.36","2026-01","Mon Jan 26 2026 11:12:14 GMT+0000 (Greenwich Mean Time)"
"EMP106","Gbemi","Omotayo","gbemi.omotayo@company.ng","397,885.08","50,476.97","0.00","23,873.11","323,535.00","29,841.38","2026-01","Mon Jan 26 2026 11:12:16 GMT+0000 (Greenwich Mean Time)"
"EMP120","Temitope","Okafor","temitope.okafor@company.ng","283,236.50","31,895.38","0.00","16,994.19","234,346.93","21,242.74","2026-01","Mon Jan 26 2026 11:12:15 GMT+0000 (Greenwich Mean Time)"
"EMP125","Onome","Akanni","onome.akanni@company.ng","667,750.67","99,182.31","0.00","40,065.04","528,503.32","50,081.30","2026-01","Mon Jan 26 2026 11:12:13 GMT+0000 (Greenwich Mean Time)"
"EMP127","Ifeoma","Adejumo","ifeoma.adejumo@company.ng","408,053.83","52,312.22","0.00","24,483.23","331,258.38","30,604.04","2026-01","Mon Jan 26 2026 11:12:16 GMT+0000 (Greenwich Mean Time)"
"EMP130","Oluwatimileyin","Omodara","oluwatimileyin.omodara@company.ng","555,307.42","78,888.55","0.00","33,318.45","443,100.42","41,648.06","2026-01","Mon Jan 26 2026 11:12:14 GMT+0000 (Greenwich Mean Time)"
"EMP132","Folake","Anyanwu","folake.anyanwu@company.ng","547,845.92","77,541.90","0.00","32,870.75","437,433.27","41,088.44","2026-01","Mon Jan 26 2026 11:12:14 GMT+0000 (Greenwich Mean Time)"
"EMP144","Chikezie","Obioma","chikezie.obioma@company.ng","354,771.67","43,192.21","0.00","21,286.30","290,293.16","26,607.88","2026-01","Mon Jan 26 2026 11:12:17 GMT+0000 (Greenwich Mean Time)"
"EMP146","Yewande","Adigun","yewande.adigun@company.ng","176,698.00","15,413.28","0.00","10,601.88","150,682.84","13,252.35","2026-01","Mon Jan 26 2026 11:12:17 GMT+0000 (Greenwich Mean Time)"
"EMP151","Tosin","Adeyemi","tosin.adeyemi@company.ng","652,539.08","96,436.92","0.00","39,152.35","516,949.81","48,940.43","2026-01","Mon Jan 26 2026 11:12:13 GMT+0000 (Greenwich Mean Time)"
"EMP163","Kehinde","Okoli","kehinde.okoli@company.ng","198,708.83","18,558.19","0.00","11,922.53","168,228.11","14,903.16","2026-01","Mon Jan 26 2026 11:12:15 GMT+0000 (Greenwich Mean Time)"
"EMP165","Ireti","Idowu","ireti.idowu@company.ng","292,032.25","33,284.40","0.00","17,521.93","241,225.92","21,902.42","2026-01","Mon Jan 26 2026 11:12:15 GMT+0000 (Greenwich Mean Time)"
"EMP171","Adedayo","Onwuka","adedayo.onwuka@company.ng","284,245.75","32,054.76","0.00","17,054.74","235,136.25","21,318.43","2026-01","Mon Jan 26 2026 11:12:17 GMT+0000 (Greenwich Mean Time)"
"EMP179","Chinyere","Adelaja","chinyere.adelaja@company.ng","337,705.83","40,497.17","0.00","20,262.35","276,946.31","25,327.94","2026-01","Mon Jan 26 2026 11:12:15 GMT+0000 (Greenwich Mean Time)"
"EMP180","Anuoluwapo","Olujimi","anuoluwapo.olujimi@company.ng","279,320.25","31,276.92","0.00","16,759.21","231,284.12","20,949.02","2026-01","Mon Jan 26 2026 11:12:17 GMT+0000 (Greenwich Mean Time)"
"EMP181","Osagie","Adigun","osagie.adigun@company.ng","240,807.92","25,195.05","0.00","14,448.47","201,164.40","18,060.59","2026-01","Mon Jan 26 2026 11:12:17 GMT+0000 (Greenwich Mean Time)"
"EMP182","Ayoola","Ike","ayoola.ike@company.ng","321,640.25","37,960.10","0.00","19,298.41","264,381.74","24,123.02","2026-01","Mon Jan 26 2026 11:12:15 GMT+0000 (Greenwich Mean Time)"
"EMP189","Ifeoma","Ogunbanjo","ifeoma.ogunbanjo@company.ng","617,922.17","90,189.26","0.00","37,075.33","490,657.58","46,344.16","2026-01","Mon Jan 26 2026 11:12:14 GMT+0000 (Greenwich Mean Time)"
"EMP194","Osagie","Nwachinemere","osagie.nwachinemere@company.ng","327,357.17","38,862.91","0.00","19,641.43","268,852.83","24,551.79","2026-01","Mon Jan 26 2026 11:12:17 GMT+0000 (Greenwich Mean Time)"
"EMP195","Ovie","Onasanya","ovie.onasanya@company.ng","745,734.42","113,256.81","0.00","44,744.07","587,733.54","55,930.08","2026-01","Mon Jan 26 2026 11:12:14 GMT+0000 (Greenwich Mean Time)"
"EMP199","Folake","Omotayo","folake.omotayo@company.ng","220,140.92","21,931.32","0.00","13,208.45","185,001.15","16,510.57","2026-01","Mon Jan 26 2026 11:12:17 GMT+0000 (Greenwich Mean Time)"
"EMP203","Funmilayo","Nwachinemere","funmilayo.nwachinemere@company.ng","264,414.33","28,922.98","0.00","15,864.86","219,626.49","19,831.07","2026-01","Mon Jan 26 2026 11:12:17 GMT+0000 (Greenwich Mean Time)"
"EMP204","Anuoluwapo","Onyeneke","anuoluwapo.onyeneke@company.ng","618,931.58","90,371.44","0.00","37,135.89","491,424.25","46,419.87","2026-01","Mon Jan 26 2026 11:12:14 GMT+0000 (Greenwich Mean Time)"
"EMP214","Chukwuma","Aiyedun","chukwuma.aiyedun@company.ng","678,085.58","101,047.55","0.00","40,685.13","536,352.90","50,856.42","2026-01","Mon Jan 26 2026 11:12:13 GMT+0000 (Greenwich Mean Time)"
"EMP224","Oluwaseun","Adeyemi","oluwaseun.adeyemi@company.ng","633,213.92","92,949.12","0.00","37,992.83","502,271.97","47,491.04","2026-01","Mon Jan 26 2026 11:12:13 GMT+0000 (Greenwich Mean Time)"
"EMP227","Ayobami","Olorunfemi","ayobami.olorunfemi@company.ng","373,751.50","46,189.50","0.00","22,425.09","305,136.91","28,031.36","2026-01","Mon Jan 26 2026 11:12:17 GMT+0000 (Greenwich Mean Time)"
"EMP236","Chijioke","Chukwu","chijioke.chukwu@company.ng","746,328.17","113,363.97","0.00","44,779.69","588,184.51","55,974.61","2026-01","Mon Jan 26 2026 11:12:13 GMT+0000 (Greenwich Mean Time)"
"EMP241","Ngozi","Ogunleye","ngozi.ogunleye@company.ng","322,099.08","38,032.55","0.00","19,325.95","264,740.58","24,157.43","2026-01","Mon Jan 26 2026 11:12:15 GMT+0000 (Greenwich Mean Time)"
"EMP242","Anuoluwapo","Omotayo","anuoluwapo.omotayo@company.ng","525,382.58","73,487.72","0.00","31,522.95","420,371.91","39,403.69","2026-01","Mon Jan 26 2026 11:12:13 GMT+0000 (Greenwich Mean Time)"
"EMP254","Temitope","Nwosu","temitope.nwosu@company.ng","249,194.00","26,519.38","0.00","14,951.64","207,722.98","18,689.55","2026-01","Mon Jan 26 2026 11:12:15 GMT+0000 (Greenwich Mean Time)"
"EMP256","Amaka","Ezekwesili","amaka.ezekwesili@company.ng","295,059.50","33,762.46","0.00","17,703.57","243,593.47","22,129.46","2026-01","Mon Jan 26 2026 11:12:15 GMT+0000 (Greenwich Mean Time)"
"EMP259","Ifeoma","Aiyedun","ifeoma.aiyedun@company.ng","338,004.50","40,544.34","0.00","20,280.27","277,179.89","25,350.34","2026-01","Mon Jan 26 2026 11:12:16 GMT+0000 (Greenwich Mean Time)"
"EMP262","Sola","Enwezor","sola.enwezor@company.ng","273,049.75","30,286.68","0.00","16,382.98","226,380.09","20,478.73","2026-01","Mon Jan 26 2026 11:12:14 GMT+0000 (Greenwich Mean Time)"
"EMP263","Osagie","Adediran","osagie.adediran@company.ng","343,512.75","41,414.20","0.00","20,610.76","281,487.79","25,763.46","2026-01","Mon Jan 26 2026 11:12:16 GMT+0000 (Greenwich Mean Time)"
"EMP266","Obianuju","Chukwunta","obianuju.chukwunta@company.ng","233,445.67","24,032.41","0.00","14,006.74","195,406.52","17,508.43","2026-01","Mon Jan 26 2026 11:12:18 GMT+0000 (Greenwich Mean Time)"
"EMP280","Obinna","Egbuna","obinna.egbuna@company.ng","704,122.33","105,746.67","0.00","42,247.34","556,128.32","52,809.17","2026-01","Mon Jan 26 2026 11:12:13 GMT+0000 (Greenwich Mean Time)"
"EMP296","Eniola","Anyanwu","eniola.anyanwu@company.ng","400,215.42","50,897.54","0.00","24,012.93","325,304.95","30,016.16","2026-01","Mon Jan 26 2026 11:12:17 GMT+0000 (Greenwich Mean Time)"
"EMP303","Bolanle","Nwokoye","bolanle.nwokoye@company.ng","251,548.67","26,891.23","0.00","15,092.92","209,564.52","18,866.15","2026-01","Mon Jan 26 2026 11:12:16 GMT+0000 (Greenwich Mean Time)"
"EMP311","Temitope","Iwu","temitope.iwu@company.ng","398,321.08","50,555.66","0.00","23,899.27","323,866.15","29,874.08","2026-01","Mon Jan 26 2026 11:12:15 GMT+0000 (Greenwich Mean Time)"
"EMP314","Oghenekaro","Ogu","oghenekaro.ogu@company.ng","308,723.58","35,920.30","0.00","18,523.41","254,279.87","23,154.27","2026-01","Mon Jan 26 2026 11:12:18 GMT+0000 (Greenwich Mean Time)"
"EMP319","Gbenga","Lawal","gbenga.lawal@company.ng","392,049.92","49,423.84","0.00","23,522.99","319,103.09","29,403.74","2026-01","Mon Jan 26 2026 11:12:15 GMT+0000 (Greenwich Mean Time)"
"EMP320","Sopuruchukwu","Adigun","sopuruchukwu.adigun@company.ng","203,555.17","19,312.10","0.00","12,213.31","172,029.76","15,266.64","2026-01","Mon Jan 26 2026 11:12:16 GMT+0000 (Greenwich Mean Time)"
"EMP323","Sopuruchukwu","Oboh","sopuruchukwu.oboh@company.ng","666,582.42","98,971.46","0.00","39,994.95","527,616.01","49,993.68","2026-01","Mon Jan 26 2026 11:12:14 GMT+0000 (Greenwich Mean Time)"
"EMP324","Kehinde","Adeyemi","kehinde.adeyemi@company.ng","549,844.67","77,902.63","0.00","32,990.68","438,951.36","41,238.35","2026-01","Mon Jan 26 2026 11:12:13 GMT+0000 (Greenwich Mean Time)"
"EMP325","Adewale","Ezeugo","adewale.ezeugo@company.ng","208,978.42","20,168.54","0.00","12,538.71","176,271.17","15,673.38","2026-01","Mon Jan 26 2026 11:12:16 GMT+0000 (Greenwich Mean Time)"
"EMP328","Oluwadamilare","Agboola","oluwadamilare.agboola@company.ng","473,906.92","64,197.39","0.00","28,434.41","381,275.12","35,543.02","2026-01","Mon Jan 26 2026 11:12:13 GMT+0000 (Greenwich Mean Time)"
"EMP333","Obafemi","Adewuyi","obafemi.adewuyi@company.ng","280,267.33","31,426.48","0.00","16,816.04","232,024.81","21,020.05","2026-01","Mon Jan 26 2026 11:12:17 GMT+0000 (Greenwich Mean Time)"
"EMP336","Segun","Adebayo","segun.adebayo@company.ng","293,434.58","33,505.86","0.00","17,606.07","242,322.65","22,007.59","2026-01","Mon Jan 26 2026 11:12:15 GMT+0000 (Greenwich Mean Time)"
"EMP338","Chisom","Adewuyi","chisom.adewuyi@company.ng","256,967.33","27,746.95","0.00","15,418.04","213,802.34","19,272.55","2026-01","Mon Jan 26 2026 11:12:17 GMT+0000 (Greenwich Mean Time)"
"EMP340","Bukola","Ike","bukola.ike@company.ng","264,442.92","28,927.49","0.00","15,866.57","219,648.86","19,833.22","2026-01","Mon Jan 26 2026 11:12:15 GMT+0000 (Greenwich Mean Time)"
"EMP344","Gbenga","Ogunjimi","gbenga.ogunjimi@company.ng","311,679.25","36,387.06","0.00","18,700.75","256,591.44","23,375.94","2026-01","Mon Jan 26 2026 11:12:14 GMT+0000 (Greenwich Mean Time)"
"EMP350","Bolanle","Ejiogu","bolanle.ejiogu@company.ng","703,033.17","105,550.09","0.00","42,181.99","555,301.09","52,727.49","2026-01","Mon Jan 26 2026 11:12:13 GMT+0000 (Greenwich Mean Time)"
"EMP353","Ezinne","Onyekachi","ezinne.onyekachi@company.ng","302,508.17","34,938.76","0.00","18,150.49","249,418.92","22,688.11","2026-01","Mon Jan 26 2026 11:12:14 GMT+0000 (Greenwich Mean Time)"
"EMP355","Ireti","Abiola","ireti.abiola@company.ng","581,459.75","83,608.52","0.00","34,887.58","462,963.65","43,609.48","2026-01","Mon Jan 26 2026 11:12:13 GMT+0000 (Greenwich Mean Time)"
"EMP365","Ngozi","Ogunjimi","ngozi.ogunjimi@company.ng","354,552.75","43,157.64","0.00","21,273.16","290,121.95","26,591.46","2026-01","Mon Jan 26 2026 11:12:14 GMT+0000 (Greenwich Mean Time)"
"EMP370","Itoro","Onoh","itoro.onoh@company.ng","261,067.25","28,394.41","0.00","15,664.03","217,008.81","19,580.04","2026-01","Mon Jan 26 2026 11:12:17 GMT+0000 (Greenwich Mean Time)"
"EMP373","Olubunmi","Adewale","olubunmi.adewale@company.ng","360,714.75","44,130.74","0.00","21,642.88","294,941.13","27,053.61","2026-01","Mon Jan 26 2026 11:12:18 GMT+0000 (Greenwich Mean Time)"
"EMP378","Chinonso","Egbuna","chinonso.egbuna@company.ng","178,101.83","15,613.86","0.00","10,686.11","151,801.86","13,357.64","2026-01","Mon Jan 26 2026 11:12:15 GMT+0000 (Greenwich Mean Time)"
"EMP381","Adeola","Onwudiwe","adeola.onwudiwe@company.ng","688,524.58","102,931.58","0.00","41,311.47","544,281.53","51,639.34","2026-01","Mon Jan 26 2026 11:12:13 GMT+0000 (Greenwich Mean Time)"
"EMP384","Itoro","Oshodi","itoro.oshodi@company.ng","313,487.83","36,672.67","0.00","18,809.27","258,005.89","23,511.59","2026-01","Mon Jan 26 2026 11:12:16 GMT+0000 (Greenwich Mean Time)"
"EMP392","Ireti","Ogunleye","ireti.ogunleye@company.ng","309,313.50","36,013.46","0.00","18,558.81","254,741.23","23,198.51","2026-01","Mon Jan 26 2026 11:12:15 GMT+0000 (Greenwich Mean Time)"
"EMP396","Obiora","Adewuyi","obiora.adewuyi@company.ng","337,077.67","40,397.97","0.00","20,224.66","276,455.04","25,280.83","2026-01","Mon Jan 26 2026 11:12:17 GMT+0000 (Greenwich Mean Time)"
"EMP400","Bolanle","Onwubiko","bolanle.onwubiko@company.ng","196,957.50","18,307.95","0.00","11,817.45","166,832.10","14,771.81","2026-01","Mon Jan 26 2026 11:12:17 GMT+0000 (Greenwich Mean Time)"
"EMP405","Chijioke","Ogunlolu","chijioke.ogunlolu@company.ng","371,622.33","45,853.27","0.00","22,297.34","303,471.72","27,871.67","2026-01","Mon Jan 26 2026 11:12:16 GMT+0000 (Greenwich Mean Time)"
"EMP424","Chidera","Okorie","chidera.okorie@company.ng","188,762.58","17,137.07","0.00","11,325.75","160,299.76","14,157.19","2026-01","Mon Jan 26 2026 11:12:14 GMT+0000 (Greenwich Mean Time)"
"EMP427","Opeyemi","Okonkwo","opeyemi.okonkwo@company.ng","296,176.25","33,938.82","0.00","17,770.57","244,466.86","22,213.22","2026-01","Mon Jan 26 2026 11:12:15 GMT+0000 (Greenwich Mean Time)"
"EMP438","Tosin","Idowu","tosin.idowu@company.ng","263,094.17","28,714.50","0.00","15,785.65","218,594.02","19,732.06","2026-01","Mon Jan 26 2026 11:12:15 GMT+0000 (Greenwich Mean Time)"
"EMP443","Temitope","Idowu","temitope.idowu@company.ng","407,937.17","52,291.17","0.00","24,476.23","331,169.77","30,595.29","2026-01","Mon Jan 26 2026 11:12:15 GMT+0000 (Greenwich Mean Time)"
"EMP444","Obianuju","Oshodi","obianuju.oshodi@company.ng","293,260.50","33,478.37","0.00","17,595.63","242,186.50","21,994.54","2026-01","Mon Jan 26 2026 11:12:17 GMT+0000 (Greenwich Mean Time)"
"EMP448","Damilola","Onoh","damilola.onoh@company.ng","171,088.83","14,611.84","0.00","10,265.33","146,211.66","12,831.66","2026-01","Mon Jan 26 2026 11:12:16 GMT+0000 (Greenwich Mean Time)"
"EMP452","Nnamdi","Nwankwo","nnamdi.nwankwo@company.ng","349,030.33","42,285.54","0.00","20,941.82","285,802.97","26,177.27","2026-01","Mon Jan 26 2026 11:12:17 GMT+0000 (Greenwich Mean Time)"
"EMP460","Bukola","Ogunleye","bukola.ogunleye@company.ng","239,073.33","24,921.13","0.00","14,344.40","199,807.80","17,930.50","2026-01","Mon Jan 26 2026 11:12:16 GMT+0000 (Greenwich Mean Time)"
"EMP463","Ifeoma","Nwosu","ifeoma.nwosu@company.ng","251,026.67","26,808.80","0.00","15,061.60","209,156.27","18,827.00","2026-01","Mon Jan 26 2026 11:12:18 GMT+0000 (Greenwich Mean Time)"
"EMP467","Feyisayo","Olujimi","feyisayo.olujimi@company.ng","318,880.42","37,524.26","0.00","19,132.83","262,223.33","23,916.03","2026-01","Mon Jan 26 2026 11:12:17 GMT+0000 (Greenwich Mean Time)"
"EMP470","Somto","Agboola","somto.agboola@company.ng","365,843.50","44,940.67","0.00","21,950.61","298,952.22","27,438.26","2026-01","Mon Jan 26 2026 11:12:17 GMT+0000 (Greenwich Mean Time)"
"EMP473","Funmilayo","Okegbenro","funmilayo.okegbenro@company.ng","347,240.92","42,002.95","0.00","20,834.45","284,403.52","26,043.07","2026-01","Mon Jan 26 2026 11:12:18 GMT+0000 (Greenwich Mean Time)"
"EMP479","Ezinachi","Onoh","ezinachi.onoh@company.ng","196,590.50","18,255.52","0.00","11,795.43","166,539.55","14,744.29","2026-01","Mon Jan 26 2026 11:12:18 GMT+0000 (Greenwich Mean Time)"
"EMP487","Tochukwu","Onwubiko","tochukwu.onwubiko@company.ng","260,477.67","28,301.30","0.00","15,628.66","216,547.71","19,535.83","2026-01","Mon Jan 26 2026 11:12:17 GMT+0000 (Greenwich Mean Time)"
"EMP489","Obafemi","Oyekan","obafemi.oyekan@company.ng","413,888.92","53,365.34","0.00","24,833.33","335,690.25","31,041.67","2026-01","Mon Jan 26 2026 11:12:17 GMT+0000 (Greenwich Mean Time)"
"EMP492","Kehinde","Egbuna","kehinde.egbuna@company.ng","201,393.58","18,970.74","0.00","12,083.61","170,339.23","15,104.52","2026-01","Mon Jan 26 2026 11:12:15 GMT+0000 (Greenwich Mean Time)"
"EMP498","Ebuka","Adebanjo","ebuka.adebanjo@company.ng","390,185.58","49,087.36","0.00","23,411.13","317,687.09","29,263.92","2026-01","Mon Jan 26 2026 11:12:15 GMT+0000 (Greenwich Mean Time)"
"EMP499","Ebuka","Anosike","ebuka.anosike@company.ng","248,105.58","26,347.50","0.00","14,886.33","206,871.75","18,607.92","2026-01","Mon Jan 26 2026 11:12:16 GMT+0000 (Greenwich Mean Time)"
"EMP517","Adanna","Eze","adanna.eze@company.ng","305,826.50","35,462.79","0.00","18,349.59","252,014.12","22,936.99","2026-01","Mon Jan 26 2026 11:12:15 GMT+0000 (Greenwich Mean Time)"
"EMP524","Chimamanda","Ogunjimi","chimamanda.ogunjimi@company.ng","187,830.42","17,003.88","0.00","11,269.83","159,556.71","14,087.28","2026-01","Mon Jan 26 2026 11:12:15 GMT+0000 (Greenwich Mean Time)"
"EMP525","Yemi","Adebayo","yemi.adebayo@company.ng","325,601.83","38,585.71","0.00","19,536.11","267,480.01","24,420.14","2026-01","Mon Jan 26 2026 11:12:15 GMT+0000 (Greenwich Mean Time)"
"EMP529","Folake","Oboh","folake.oboh@company.ng","376,525.67","46,627.60","0.00","22,591.54","307,306.53","28,239.43","2026-01","Mon Jan 26 2026 11:12:16 GMT+0000 (Greenwich Mean Time)"
"EMP530","Ijeoma","Iwu","ijeoma.iwu@company.ng","390,958.58","49,226.87","0.00","23,457.51","318,274.20","29,321.89","2026-01","Mon Jan 26 2026 11:12:15 GMT+0000 (Greenwich Mean Time)"
"EMP532","Gbemi","Okegbenro","gbemi.okegbenro@company.ng","734,044.75","111,147.06","0.00","44,042.68","578,855.01","55,053.36","2026-01","Mon Jan 26 2026 11:12:14 GMT+0000 (Greenwich Mean Time)"
"EMP536","Bukola","Lawal","bukola.lawal@company.ng","207,447.83","19,926.83","0.00","12,446.87","175,074.13","15,558.59","2026-01","Mon Jan 26 2026 11:12:14 GMT+0000 (Greenwich Mean Time)"
"EMP550","Ireti","Onyejekwe","ireti.onyejekwe@company.ng","201,277.17","18,952.36","0.00","12,076.63","170,248.18","15,095.79","2026-01","Mon Jan 26 2026 11:12:14 GMT+0000 (Greenwich Mean Time)"
"EMP553","Ijeoma","Onyejekwe","ijeoma.onyejekwe@company.ng","328,939.92","39,112.86","0.00","19,736.39","270,090.67","24,670.49","2026-01","Mon Jan 26 2026 11:12:14 GMT+0000 (Greenwich Mean Time)"
"EMP556","Tolu","Nwachukwu","tolu.nwachukwu@company.ng","179,673.17","15,838.37","0.00","10,780.39","153,054.41","13,475.49","2026-01","Mon Jan 26 2026 11:12:14 GMT+0000 (Greenwich Mean Time)"
"EMP559","Eromosele","Nwankwo","eromosele.nwankwo@company.ng","364,474.42","44,724.47","0.00","21,868.47","297,881.48","27,335.58","2026-01","Mon Jan 26 2026 11:12:16 GMT+0000 (Greenwich Mean Time)"
"EMP560","Adaeze","Eze","adaeze.eze@company.ng","248,735.17","26,446.92","0.00","14,924.11","207,364.14","18,655.14","2026-01","Mon Jan 26 2026 11:12:14 GMT+0000 (Greenwich Mean Time)"
"EMP564","Folake","Nwankwo","folake.nwankwo@company.ng","263,229.50","28,735.87","0.00","15,793.77","218,699.86","19,742.21","2026-01","Mon Jan 26 2026 11:12:17 GMT+0000 (Greenwich Mean Time)"
"EMP567","Kunle","Balogun","kunle.balogun@company.ng","725,729.08","109,646.25","0.00","43,543.75","572,539.08","54,429.68","2026-01","Mon Jan 26 2026 11:12:13 GMT+0000 (Greenwich Mean Time)"
"EMP570","Somto","Adigun","somto.adigun@company.ng","329,151.75","39,146.31","0.00","19,749.10","270,256.34","24,686.38","2026-01","Mon Jan 26 2026 11:12:17 GMT+0000 (Greenwich Mean Time)"
"EMP575","Yemi","Onyema","yemi.onyema@company.ng","454,536.33","60,701.38","0.00","27,272.18","366,562.77","34,090.22","2026-01","Mon Jan 26 2026 11:12:13 GMT+0000 (Greenwich Mean Time)"
"EMP577","Funke","Ogunleye","funke.ogunleye@company.ng","209,364.50","20,229.51","0.00","12,561.87","176,573.12","15,702.34","2026-01","Mon Jan 26 2026 11:12:15 GMT+0000 (Greenwich Mean Time)"
"EMP586","Ifeanyi","Afolabi","ifeanyi.afolabi@company.ng","200,637.67","18,851.37","0.00","12,038.26","169,748.04","15,047.83","2026-01","Mon Jan 26 2026 11:12:14 GMT+0000 (Greenwich Mean Time)"
"EMP588","Sola","Ogunjimi","sola.ogunjimi@company.ng","190,647.58","17,406.39","0.00","11,438.85","161,802.34","14,298.57","2026-01","Mon Jan 26 2026 11:12:15 GMT+0000 (Greenwich Mean Time)"
"EMP596","Omotola","Eze","omotola.eze@company.ng","371,956.92","45,906.10","0.00","22,317.41","303,733.41","27,896.77","2026-01","Mon Jan 26 2026 11:12:14 GMT+0000 (Greenwich Mean Time)"
"EMP616","Funke","Okoli","funke.okoli@company.ng","309,376.33","36,023.38","0.00","18,562.58","254,790.37","23,203.22","2026-01","Mon Jan 26 2026 11:12:14 GMT+0000 (Greenwich Mean Time)"
"EMP617","Ovie","Nwachinemere","ovie.nwachinemere@company.ng","193,229.33","17,775.27","0.00","11,593.76","163,860.30","14,492.20","2026-01","Mon Jan 26 2026 11:12:16 GMT+0000 (Greenwich Mean Time)"
"EMP630","Uchechi","Onyema","uchechi.onyema@company.ng","546,506.08","77,300.08","0.00","32,790.37","436,415.63","40,987.96","2026-01","Mon Jan 26 2026 11:12:13 GMT+0000 (Greenwich Mean Time)"
"EMP633","Obinna","Nwosu","obinna.nwosu@company.ng","313,162.08","36,621.22","0.00","18,789.73","257,751.13","23,487.16","2026-01","Mon Jan 26 2026 11:12:14 GMT+0000 (Greenwich Mean Time)"
"EMP643","Oluwatobi","Ezekwesili","oluwatobi.ezekwesili@company.ng","629,905.83","92,352.07","0.00","37,794.35","499,759.41","47,242.94","2026-01","Mon Jan 26 2026 11:12:13 GMT+0000 (Greenwich Mean Time)"
"EMP649","Olumide","Anyanwu","olumide.anyanwu@company.ng","318,910.92","37,529.08","0.00","19,134.65","262,247.19","23,918.32","2026-01","Mon Jan 26 2026 11:12:17 GMT+0000 (Greenwich Mean Time)"
"EMP651","Kehinde","Nwosu","kehinde.nwosu@company.ng","167,657.75","14,121.61","0.00","10,059.46","143,476.68","12,574.33","2026-01","Mon Jan 26 2026 11:12:16 GMT+0000 (Greenwich Mean Time)"
"EMP653","Kehinde","Ike","kehinde.ike@company.ng","242,607.92","25,479.31","0.00","14,556.47","202,572.14","18,195.59","2026-01","Mon Jan 26 2026 11:12:15 GMT+0000 (Greenwich Mean Time)"
"EMP655","Tope","Anosike","tope.anosike@company.ng","233,009.50","23,963.53","0.00","13,980.57","195,065.40","17,475.71","2026-01","Mon Jan 26 2026 11:12:15 GMT+0000 (Greenwich Mean Time)"
"EMP658","Ayobami","Agbaje","ayobami.agbaje@company.ng","405,832.50","51,911.32","0.00","24,349.95","329,571.23","30,437.44","2026-01","Mon Jan 26 2026 11:12:16 GMT+0000 (Greenwich Mean Time)"
"EMP661","Kehinde","Okeke","kehinde.okeke@company.ng","182,516.50","16,244.62","0.00","10,950.99","155,320.89","13,688.74","2026-01","Mon Jan 26 2026 11:12:14 GMT+0000 (Greenwich Mean Time)"
"EMP665","Chiamaka","Onwuka","chiamaka.onwuka@company.ng","252,473.42","27,037.27","0.00","15,148.41","210,287.74","18,935.51","2026-01","Mon Jan 26 2026 11:12:17 GMT+0000 (Greenwich Mean Time)"
"EMP670","Chidera","Okeke","chidera.okeke@company.ng","598,393.33","86,664.70","0.00","35,903.60","475,825.03","44,879.50","2026-01","Mon Jan 26 2026 11:12:13 GMT+0000 (Greenwich Mean Time)"
"EMP672","Nkechi","Mohammed","nkechi.mohammed@company.ng","494,040.08","67,831.02","0.00","29,642.41","396,566.65","37,053.01","2026-01","Mon Jan 26 2026 11:12:13 GMT+0000 (Greenwich Mean Time)"
"EMP674","Chikezie","Adekeye","chikezie.adekeye@company.ng","385,903.75","48,314.58","0.00","23,154.22","314,434.95","28,942.78","2026-01","Mon Jan 26 2026 11:12:16 GMT+0000 (Greenwich Mean Time)"
"EMP689","Ngozi","Oluwole","ngozi.oluwole@company.ng","364,000.92","44,649.69","0.00","21,840.05","297,511.18","27,300.07","2026-01","Mon Jan 26 2026 11:12:15 GMT+0000 (Greenwich Mean Time)"
"EMP691","Itoro","Adekeye","itoro.adekeye@company.ng","379,993.00","47,247.80","0.00","22,799.58","309,945.62","28,499.48","2026-01","Mon Jan 26 2026 11:12:17 GMT+0000 (Greenwich Mean Time)"
"EMP698","Chinonso","Idowu","chinonso.idowu@company.ng","174,131.58","15,046.59","0.00","10,447.89","148,637.10","13,059.87","2026-01","Mon Jan 26 2026 11:12:15 GMT+0000 (Greenwich Mean Time)"
"EMP703","Chiamaka","Onyeneke","chiamaka.onyeneke@company.ng","181,021.33","16,031.00","0.00","10,861.28","154,129.05","13,576.60","2026-01","Mon Jan 26 2026 11:12:16 GMT+0000 (Greenwich Mean Time)"
"EMP704","Ifeoma","Okegbenro","ifeoma.okegbenro@company.ng","653,416.67","96,595.31","0.00","39,205.00","517,616.36","49,006.25","2026-01","Mon Jan 26 2026 11:12:14 GMT+0000 (Greenwich Mean Time)"
"EMP709","Sola","Iwu","sola.iwu@company.ng","393,037.50","49,602.08","0.00","23,582.25","319,853.17","29,477.81","2026-01","Mon Jan 26 2026 11:12:14 GMT+0000 (Greenwich Mean Time)"
"EMP716","Somto","Oyekan","somto.oyekan@company.ng","373,619.83","46,168.71","0.00","22,417.19","305,033.93","28,021.49","2026-01","Mon Jan 26 2026 11:12:16 GMT+0000 (Greenwich Mean Time)"
"EMP718","Kachi","Nwachinemere","kachi.nwachinemere@company.ng","394,018.00","49,779.04","0.00","23,641.08","320,597.88","29,551.35","2026-01","Mon Jan 26 2026 11:12:17 GMT+0000 (Greenwich Mean Time)"
"EMP727","Ezinne","Chukwu","ezinne.chukwu@company.ng","411,710.83","52,972.24","0.00","24,702.65","334,035.94","30,878.31","2026-01","Mon Jan 26 2026 11:12:14 GMT+0000 (Greenwich Mean Time)"
"EMP733","Tobiloba","Chukwunta","tobiloba.chukwunta@company.ng","251,903.08","26,947.20","0.00","15,114.19","209,841.69","18,892.73","2026-01","Mon Jan 26 2026 11:12:17 GMT+0000 (Greenwich Mean Time)"
"EMP741","Gbenga","Balogun","gbenga.balogun@company.ng","220,676.33","22,015.87","0.00","13,240.58","185,419.88","16,550.72","2026-01","Mon Jan 26 2026 11:12:14 GMT+0000 (Greenwich Mean Time)"
"EMP743","Somto","Akanni","somto.akanni@company.ng","324,233.33","38,369.60","0.00","19,454.00","266,409.73","24,317.50","2026-01","Mon Jan 26 2026 11:12:17 GMT+0000 (Greenwich Mean Time)"
"EMP750","Adeola","Owolabi","adeola.owolabi@company.ng","360,929.67","44,164.68","0.00","21,655.78","295,109.21","27,069.73","2026-01","Mon Jan 26 2026 11:12:17 GMT+0000 (Greenwich Mean Time)"
"EMP752","Olamide","Ogunjimi","olamide.ogunjimi@company.ng","296,344.58","33,965.40","0.00","17,780.67","244,598.51","22,225.84","2026-01","Mon Jan 26 2026 11:12:14 GMT+0000 (Greenwich Mean Time)"
"EMP754","Kachi","Olopade","kachi.olopade@company.ng","628,915.00","92,173.25","0.00","37,734.90","499,006.85","47,168.63","2026-01","Mon Jan 26 2026 11:12:13 GMT+0000 (Greenwich Mean Time)"
"EMP765","Taye","Olopade","taye.olopade@company.ng","410,353.25","52,727.22","0.00","24,621.19","333,004.84","30,776.49","2026-01","Mon Jan 26 2026 11:12:16 GMT+0000 (Greenwich Mean Time)"
"EMP777","Osagie","Aluko","osagie.aluko@company.ng","339,439.25","40,770.91","0.00","20,366.35","278,301.99","25,457.94","2026-01","Mon Jan 26 2026 11:12:17 GMT+0000 (Greenwich Mean Time)"
"EMP783","Oluwatosin","Oluwole","oluwatosin.oluwole@company.ng","736,571.75","111,603.14","0.00","44,194.30","580,774.31","55,242.88","2026-01","Mon Jan 26 2026 11:12:13 GMT+0000 (Greenwich Mean Time)"
"EMP786","Oluwafunmilayo","Ogunbanjo","oluwafunmilayo.ogunbanjo@company.ng","337,437.00","40,454.72","0.00","20,246.22","276,736.06","25,307.78","2026-01","Mon Jan 26 2026 11:12:18 GMT+0000 (Greenwich Mean Time)"
"EMP792","Adewale","Nwachinemere","adewale.nwachinemere@company.ng","425,641.92","55,486.52","0.00","25,538.51","344,616.89","31,923.14","2026-01","Mon Jan 26 2026 11:12:14 GMT+0000 (Greenwich Mean Time)"
"EMP810","Oluwaseun","Egbuna","oluwaseun.egbuna@company.ng","406,329.25","52,000.97","0.00","24,379.75","329,948.53","30,474.69","2026-01","Mon Jan 26 2026 11:12:15 GMT+0000 (Greenwich Mean Time)"
"EMP812","Funke","Chukwu","funke.chukwu@company.ng","745,322.50","113,182.47","0.00","44,719.35","537,420.68","55,899.19","2026-01","Mon Jan 26 2026 11:12:13 GMT+0000 (Greenwich Mean Time)"
"EMP814","Omoniyi","Adewale","omoniyi.adewale@company.ng","392,999.42","49,595.20","0.00","23,579.97","319,824.25","29,474.96","2026-01","Mon Jan 26 2026 11:12:16 GMT+0000 (Greenwich Mean Time)"
"EMP818","Eniola","Nwokoye","eniola.nwokoye@company.ng","272,077.42","30,133.13","0.00","16,324.65","225,619.64","20,405.81","2026-01","Mon Jan 26 2026 11:12:16 GMT+0000 (Greenwich Mean Time)"
"EMP821","Itoro","Nwokoye","itoro.nwokoye@company.ng","299,133.00","34,405.75","0.00","17,947.98","246,779.27","22,434.98","2026-01","Mon Jan 26 2026 11:12:17 GMT+0000 (Greenwich Mean Time)"
"EMP823","Bamidele","Chukwu","bamidele.chukwu@company.ng","356,971.25","43,539.57","0.00","21,418.27","292,013.41","26,772.84","2026-01","Mon Jan 26 2026 11:12:15 GMT+0000 (Greenwich Mean Time)"
"EMP830","Tolu","Adelaja","tolu.adelaja@company.ng","381,852.67","47,583.44","0.00","22,911.16","311,358.07","28,638.95","2026-01","Mon Jan 26 2026 11:12:15 GMT+0000 (Greenwich Mean Time)"
"EMP833","Eromosele","Okegbenro","eromosele.okegbenro@company.ng","202,283.75","19,111.32","0.00","12,137.02","171,035.41","15,171.28","2026-01","Mon Jan 26 2026 11:12:16 GMT+0000 (Greenwich Mean Time)"
"EMP836","Sola","Ike","sola.ike@company.ng","393,592.25","49,702.20","0.00","23,615.53","320,274.52","29,519.42","2026-01","Mon Jan 26 2026 11:12:14 GMT+0000 (Greenwich Mean Time)"
"EMP847","Ifeoma","Aluko","ifeoma.aluko@company.ng","335,661.25","40,174.29","0.00","20,139.67","275,347.29","25,174.59","2026-01","Mon Jan 26 2026 11:12:17 GMT+0000 (Greenwich Mean Time)"
"EMP852","Chidera","Onyekachi","chidera.onyekachi@company.ng","217,238.75","21,473.01","0.00","13,034.32","182,731.42","16,292.91","2026-01","Mon Jan 26 2026 11:12:16 GMT+0000 (Greenwich Mean Time)"
"EMP854","Feyisayo","Olorunfemi","feyisayo.olorunfemi@company.ng","454,449.92","60,685.79","0.00","27,266.99","366,497.14","34,083.74","2026-01","Mon Jan 26 2026 11:12:14 GMT+0000 (Greenwich Mean Time)"
"EMP858","Somto","Emefiele","somto.emefiele@company.ng","741,336.25","112,463.03","0.00","44,480.17","584,393.05","55,600.22","2026-01","Mon Jan 26 2026 11:12:14 GMT+0000 (Greenwich Mean Time)"
"EMP859","Ayobami","Nwokoye","ayobami.nwokoye@company.ng","456,698.75","61,091.66","0.00","27,401.92","368,205.17","34,252.41","2026-01","Mon Jan 26 2026 11:12:13 GMT+0000 (Greenwich Mean Time)"
"EMP861","Chimamanda","Okafor","chimamanda.okafor@company.ng","338,851.42","40,678.08","0.00","20,331.09","277,842.25","25,413.86","2026-01","Mon Jan 26 2026 11:12:14 GMT+0000 (Greenwich Mean Time)"
"EMP865","Ayoola","Chukwu","ayoola.chukwu@company.ng","263,581.17","28,791.40","0.00","15,814.87","218,974.90","19,768.59","2026-01","Mon Jan 26 2026 11:12:16 GMT+0000 (Greenwich Mean Time)"
"EMP869","Ebuka","Egbuna","ebuka.egbuna@company.ng","214,084.67","20,974.92","0.00","12,845.08","180,264.67","16,056.35","2026-01","Mon Jan 26 2026 11:12:14 GMT+0000 (Greenwich Mean Time)"
"EMP871","Ijeoma","Okeke","ijeoma.okeke@company.ng","242,147.08","25,406.53","0.00","14,528.83","202,211.72","18,161.03","2026-01","Mon Jan 26 2026 11:12:16 GMT+0000 (Greenwich Mean Time)"
"EMP873","Adaeze","Okafor","adaeze.okafor@company.ng","388,756.42","48,829.42","0.00","23,325.39","316,601.61","29,156.73","2026-01","Mon Jan 26 2026 11:12:14 GMT+0000 (Greenwich Mean Time)"
"EMP877","Yewande","Akanni","yewande.akanni@company.ng","296,190.50","33,941.07","0.00","17,771.43","244,478.00","22,214.29","2026-01","Mon Jan 26 2026 11:12:16 GMT+0000 (Greenwich Mean Time)"
"EMP881","Temiloluwa","Nwachinemere","temiloluwa.nwachinemere@company.ng","318,194.00","37,415.86","0.00","19,091.64","261,686.50","23,864.55","2026-01","Mon Jan 26 2026 11:12:16 GMT+0000 (Greenwich Mean Time)"
"EMP883","Yemi","Okorie","yemi.okorie@company.ng","210,680.25","20,437.29","0.00","12,640.81","177,602.15","15,801.02","2026-01","Mon Jan 26 2026 11:12:15 GMT+0000 (Greenwich Mean Time)"
"EMP884","Ireti","Adeyemi","ireti.adeyemi@company.ng","410,105.42","52,682.49","0.00","24,606.33","332,816.60","30,757.91","2026-01","Mon Jan 26 2026 11:12:14 GMT+0000 (Greenwich Mean Time)"
"EMP888","Tolu","Iwu","tolu.iwu@company.ng","375,384.25","46,447.35","0.00","22,523.05","306,413.85","28,153.82","2026-01","Mon Jan 26 2026 11:12:15 GMT+0000 (Greenwich Mean Time)"
"EMP891","Taye","Adediran","taye.adediran@company.ng","230,224.25","23,523.68","0.00","13,813.45","192,887.12","17,266.82","2026-01","Mon Jan 26 2026 11:12:17 GMT+0000 (Greenwich Mean Time)"
"EMP896","Ihuoma","Egbuna","ihuoma.egbuna@company.ng","355,477.58","43,303.69","0.00","21,328.65","290,845.24","26,660.82","2026-01","Mon Jan 26 2026 11:12:14 GMT+0000 (Greenwich Mean Time)"
"EMP920","Tope","Ogunlolu","tope.ogunlolu@company.ng","612,892.75","89,281.55","0.00","36,773.56","486,837.64","45,966.96","2026-01","Mon Jan 26 2026 11:12:13 GMT+0000 (Greenwich Mean Time)"
"EMP925","Somto","Aluko","somto.aluko@company.ng","190,768.75","17,423.71","0.00","11,446.12","161,898.92","14,307.66","2026-01","Mon Jan 26 2026 11:12:16 GMT+0000 (Greenwich Mean Time)"
"EMP926","Taye","Adejumo","taye.adejumo@company.ng","381,943.58","47,599.85","0.00","22,916.61","311,427.12","28,645.77","2026-01","Mon Jan 26 2026 11:12:17 GMT+0000 (Greenwich Mean Time)"
"EMP928","Yewande","Okegbenro","yewande.okegbenro@company.ng","352,874.58","42,892.62","0.00","21,172.47","288,809.49","26,465.59","2026-01","Mon Jan 26 2026 11:12:16 GMT+0000 (Greenwich Mean Time)"
"EMP934","Chidera","Ogunleye","chidera.ogunleye@company.ng","272,289.75","30,166.67","0.00","16,337.38","225,785.70","20,421.73","2026-01","Mon Jan 26 2026 11:12:14 GMT+0000 (Greenwich Mean Time)"
"EMP949","Temiloluwa","Nwokoye","temiloluwa.nwokoye@company.ng","264,159.08","28,882.67","0.00","15,849.55","219,426.86","19,811.93","2026-01","Mon Jan 26 2026 11:12:17 GMT+0000 (Greenwich Mean Time)"
"EMP950","Ijeoma","Olawale","ijeoma.olawale@company.ng","215,522.25","21,201.94","0.00","12,931.33","181,388.98","16,164.17","2026-01","Mon Jan 26 2026 11:12:14 GMT+0000 (Greenwich Mean Time)"
"EMP952","Oluwaseun","Adebanjo","oluwaseun.adebanjo@company.ng","240,803.00","25,194.28","0.00","14,448.18","201,160.54","18,060.23","2026-01","Mon Jan 26 2026 11:12:15 GMT+0000 (Greenwich Mean Time)"
"EMP954","Adewale","Adekeye","adewale.adekeye@company.ng","170,214.67","14,486.94","0.00","10,212.88","145,514.85","12,766.10","2026-01","Mon Jan 26 2026 11:12:17 GMT+0000 (Greenwich Mean Time)"
"EMP955","Tolu","Ogunlana","tolu.ogunlana@company.ng","218,240.58","21,631.22","0.00","13,094.43","183,514.93","16,368.04","2026-01","Mon Jan 26 2026 11:12:16 GMT+0000 (Greenwich Mean Time)"
"EMP960","Kunle","Adebanjo","kunle.adebanjo@company.ng","325,226.58","38,526.45","0.00","19,513.59","267,186.54","24,391.99","2026-01","Mon Jan 26 2026 11:12:14 GMT+0000 (Greenwich Mean Time)"
"EMP967","Oluwafunmilayo","Okegbenro","oluwafunmilayo.okegbenro@company.ng","228,230.92","23,208.89","0.00","13,693.85","191,328.18","17,117.32","2026-01","Mon Jan 26 2026 11:12:17 GMT+0000 (Greenwich Mean Time)"
"EMP968","Temitope","Adebayo","temitope.adebayo@company.ng","425,413.33","55,445.27","0.00","25,524.80","344,443.26","31,906.00","2026-01","Mon Jan 26 2026 11:12:13 GMT+0000 (Greenwich Mean Time)"
"EMP973","Tolu","Ike","tolu.ike@company.ng","281,506.50","31,622.17","0.00","16,890.39","232,993.94","21,112.99","2026-01","Mon Jan 26 2026 11:12:16 GMT+0000 (Greenwich Mean Time)"
"EMP975","Ayobami","Akanni","ayobami.akanni@company.ng","290,686.92","33,071.95","0.00","17,441.21","240,173.76","21,801.52","2026-01","Mon Jan 26 2026 11:12:17 GMT+0000 (Greenwich Mean Time)"
"EMP977","Segun","Anosike","segun.anosike@company.ng","251,800.08","26,930.94","0.00","15,108.01","209,761.13","18,885.01","2026-01","Mon Jan 26 2026 11:12:15 GMT+0000 (Greenwich Mean Time)"
"EMP982","Sopuruchukwu","Agboola","sopuruchukwu.agboola@company.ng","329,094.00","39,137.19","0.00","19,745.64","270,211.17","24,682.05","2026-01","Mon Jan 26 2026 11:12:17 GMT+0000 (Greenwich Mean Time)"
"EMP987","Amarachi","Adewuyi","amarachi.adewuyi@company.ng","285,623.67","32,272.36","0.00","17,137.42","236,213.89","21,421.78","2026-01","Mon Jan 26 2026 11:12:17 GMT+0000 (Greenwich Mean Time)"
"EMP990","Tobiloba","Onasanya","tobiloba.onasanya@company.ng","316,395.58","37,131.86","0.00","18,983.73","260,279.99","23,729.67","2026-01","Mon Jan 26 2026 11:12:16 GMT+0000 (Greenwich Mean Time)"
"HR02","Tyler","Duncan Sotubo","tylertooxclusive@gmail.com","416,666.67","53,866.67","0.00","25,000.00","237,800.00","31,250.00","2026-01","Mon Jan 26 2026 11:12:13 GMT+0000 (Greenwich Mean Time)"
"HR09","Marcus","Liadi","whitestonetechlimited@gmail.com","130,000.00","9,164.00","0.00","7,800.00","113,036.00","9,750.00","2026-01","Mon Jan 26 2026 11:12:13 GMT+0000 (Greenwich Mean Time)"