"Employee Number","First Name","Last Name","Email","Gross Salary (₦)","PAYE Tax (₦)","NHF Contribution (₦)","Employee Pension (₦)","Reimbursement Travel (₦)","Net Salary (₦)","Employer Pension (₦)","Payroll Month","Issued Date"
"EMP009","Ian","Martinez","ian.martinez152@example.com","333,333.33","39,358.67","0.00","22,666.67","","271,307.99","28,333.33","2025-07","Sun Jul 20 2025 15:51:03 GMT+0100 (British Summer Time)"
"EMP011","Chinedu","Okafor","chinedu.okafor@example.com","405,016.58","51,141.95","0.00","27,541.13","","226,333.50","34,426.41","2025-07","Sun Jul 20 2025 15:51:03 GMT+0100 (British Summer Time)"
"EMP012","Amaka","Nwosu","amaka.nwosu@example.com","425,496.67","54,806.74","0.00","28,933.77","","341,756.16","36,167.22","2025-07","Sun Jul 20 2025 15:51:03 GMT+0100 (British Summer Time)"
"EMP013","Tunde","Adebayo","tunde.adebayo@example.com","378,193.33","46,382.67","0.00","25,717.15","","306,093.51","32,146.43","2025-07","Sun Jul 20 2025 15:51:03 GMT+0100 (British Summer Time)"
"EMP014","Kemi","Adeyemi","kemi.adeyemi@example.com","271,283.17","29,643.10","0.00","18,447.25","","223,192.82","23,059.07","2025-07","Sun Jul 20 2025 15:51:03 GMT+0100 (British Summer Time)"
"EMP015","Musa","Abdullahi","musa.abdullahi@example.com","392,634.42","48,926.24","0.00","26,699.14","","317,009.04","33,373.93","2025-07","Sun Jul 20 2025 15:51:03 GMT+0100 (British Summer Time)"
"EMP016","Aisha","Bello","aisha.bello@example.com","376,831.83","46,169.49","0.00","25,624.56","","305,037.78","32,030.70","2025-07","Sun Jul 20 2025 15:51:03 GMT+0100 (British Summer Time)"
"EMP017","Olufunke","Ogunleye","olufunke.ogunleye@example.com","253,266.92","26,822.19","0.00","17,222.15","","209,222.58","21,527.69","2025-07","Sun Jul 20 2025 15:51:03 GMT+0100 (British Summer Time)"
"EMP018","Ibrahim","Suleiman","ibrahim.suleiman@example.com","388,613.67","48,206.75","0.00","26,425.73","","313,981.19","33,032.16","2025-07","Sun Jul 20 2025 15:51:03 GMT+0100 (British Summer Time)"
"EMP019","Ngozi","Okeke","ngozi.okeke@example.com","411,606.00","52,321.09","0.00","27,989.21","","331,295.70","34,986.51","2025-07","Sun Jul 20 2025 15:51:03 GMT+0100 (British Summer Time)"
"EMP020","Ifeanyi","Uzoho","ifeanyi.uzoho@example.com","466,140.83","62,079.77","0.00","31,697.58","","372,363.48","39,621.97","2025-07","Sun Jul 20 2025 15:51:03 GMT+0100 (British Summer Time)"
"EMP021","Fatima","Mohammed","fatima.mohammed@example.com","303,957.58","34,759.13","0.00","20,669.11","","248,529.34","25,836.39","2025-07","Sun Jul 20 2025 15:51:03 GMT+0100 (British Summer Time)"
"EMP022","Segun","Oladipo","segun.oladipo@example.com","388,900.00","48,257.99","0.00","26,445.20","","314,196.81","33,056.50","2025-07","Sun Jul 20 2025 15:51:03 GMT+0100 (British Summer Time)"
"EMP023","Chioma","Eze","chioma.eze@example.com","439,876.08","57,379.85","0.00","29,911.57","","352,584.66","37,389.47","2025-07","Sun Jul 20 2025 15:51:03 GMT+0100 (British Summer Time)"
"EMP024","Yemi","Afolabi","yemi.afolabi@example.com","377,578.92","46,286.46","0.00","25,675.37","","305,617.09","32,094.21","2025-07","Sun Jul 20 2025 15:51:03 GMT+0100 (British Summer Time)"
"EMP025","Halima","Usman","halima.usman@example.com","273,467.58","29,985.13","0.00","18,595.79","","224,886.66","23,244.74","2025-07","Sun Jul 20 2025 15:51:03 GMT+0100 (British Summer Time)"
"EMP026","Babatunde","Akintola","babatunde.akintola@example.com","388,422.42","48,172.53","0.00","26,412.72","","313,837.17","33,015.91","2025-07","Sun Jul 20 2025 15:51:03 GMT+0100 (British Summer Time)"
"EMP027","Uchechukwu","Nnamani","uchechukwu.nnamani@example.com","345,661.75","41,289.00","0.00","23,505.00","","280,867.75","29,381.25","2025-07","Sun Jul 20 2025 15:51:03 GMT+0100 (British Summer Time)"
"EMP028","Rasaq","Olatunji","rasaq.olatunji@example.com","516,666.67","71,121.07","0.00","35,133.33","","410,412.27","43,916.67","2025-07","Sun Jul 20 2025 15:51:03 GMT+0100 (British Summer Time)"
"EMP029","Binta","Adamu","binta.adamu@example.com","363,124.67","44,023.27","0.00","24,692.48","","294,408.92","30,865.60","2025-07","Sun Jul 20 2025 15:51:03 GMT+0100 (British Summer Time)"
"EMP030","Kehinde","Kolawole","kehinde.kolawole@example.com","338,945.42","40,237.38","0.00","23,048.29","","275,659.75","28,810.36","2025-07","Sun Jul 20 2025 15:51:03 GMT+0100 (British Summer Time)"
"EMP031","Nneka","Ibekwe","nneka.ibekwe@example.com","340,976.33","40,555.38","0.00","23,186.39","","277,234.56","28,982.99","2025-07","Sun Jul 20 2025 15:51:04 GMT+0100 (British Summer Time)"
"EMP032","Adamu","Lawal","adamu.lawal@example.com","377,902.17","46,337.08","0.00","25,697.35","","305,867.74","32,121.68","2025-07","Sun Jul 20 2025 15:51:04 GMT+0100 (British Summer Time)"
"EMP033","Oluchi","Chukwu","oluchi.chukwu@example.com","440,461.75","57,484.65","0.00","29,951.40","","353,025.70","37,439.25","2025-07","Sun Jul 20 2025 15:51:04 GMT+0100 (British Summer Time)"
"EMP034","Sulaiman","Jimoh","sulaiman.jimoh@example.com","446,669.00","58,595.41","0.00","30,373.49","","357,700.10","37,966.87","2025-07","Sun Jul 20 2025 15:51:04 GMT+0100 (British Summer Time)"
"EMP035","Funmilayo","Ayodele","funmilayo.ayodele@example.com","421,862.58","54,156.45","0.00","28,686.65","","339,019.48","35,858.32","2025-07","Sun Jul 20 2025 15:51:04 GMT+0100 (British Summer Time)"
"EMP036","Ahmed","Abdallah","ahmed.abdallah@example.com","450,629.33","59,304.08","0.00","30,642.79","","360,682.46","38,303.49","2025-07","Sun Jul 20 2025 15:51:04 GMT+0100 (British Summer Time)"
"EMP037","Ify","Okoro","ify.okoro@example.com","472,616.92","63,238.63","0.00","32,137.95","","377,240.34","40,172.44","2025-07","Sun Jul 20 2025 15:51:04 GMT+0100 (British Summer Time)"
"EMP038","Victor","Umeh","victor.umeh@example.com","396,983.25","49,704.44","0.00","26,994.86","","320,283.95","33,743.58","2025-07","Sun Jul 20 2025 15:51:04 GMT+0100 (British Summer Time)"
"EMP039","Hauwa","Aliyu","hauwa.aliyu@example.com","432,610.00","56,079.63","0.00","29,417.48","","347,112.89","36,771.85","2025-07","Sun Jul 20 2025 15:51:04 GMT+0100 (British Summer Time)"
"EMP040","Joshua","Eze","joshua.eze@example.com","393,305.17","49,046.27","0.00","26,744.75","","317,514.15","33,430.94","2025-07","Sun Jul 20 2025 15:51:04 GMT+0100 (British Summer Time)"
"EMP041","Olabisi","Balogun","olabisi.balogun@example.com","409,035.58","51,861.13","0.00","27,814.42","","329,360.03","34,768.02","2025-07","Sun Jul 20 2025 15:51:04 GMT+0100 (British Summer Time)"
"EMP042","Abdullahi","Danjuma","abdullahi.danjuma@example.com","323,485.17","37,816.68","0.00","21,996.99","","263,671.50","27,496.24","2025-07","Sun Jul 20 2025 15:51:04 GMT+0100 (British Summer Time)"
"EMP043","Yetunde","Akinbode","yetunde.akinbode@example.com","495,145.75","67,270.03","0.00","33,669.91","","394,205.81","42,087.39","2025-07","Sun Jul 20 2025 15:51:04 GMT+0100 (British Summer Time)"
"EMP044","Emeka","Okoro","emeka.okoro@example.com","432,384.08","56,039.20","0.00","29,402.12","","346,942.76","36,752.65","2025-07","Sun Jul 20 2025 15:51:04 GMT+0100 (British Summer Time)"
"EMP045","Zainab","Musa","zainab.musa@example.com","464,323.75","61,754.62","0.00","31,574.01","","370,995.12","39,467.52","2025-07","Sun Jul 20 2025 15:51:04 GMT+0100 (British Summer Time)"
"EMP046","Chukwuemeka","Iheanacho","chukwuemeka.iheanacho@example.com","286,780.67","32,069.64","0.00","19,501.09","","235,209.94","24,376.36","2025-07","Sun Jul 20 2025 15:51:04 GMT+0100 (British Summer Time)"
"EMP047","Comfort","Obi","comfort.obi@example.com","413,249.42","52,615.17","0.00","28,100.96","","332,533.29","35,126.20","2025-07","Sun Jul 20 2025 15:51:04 GMT+0100 (British Summer Time)"
"EMP048","Tiamiyu","Adekunle","tiamiyu.adekunle@example.com","314,016.00","36,334.04","0.00","21,353.09","","256,328.87","26,691.36","2025-07","Sun Jul 20 2025 15:51:04 GMT+0100 (British Summer Time)"
"EMP049","Ejiro","Osagie","ejiro.osagie@example.com","370,429.67","45,167.06","0.00","25,189.22","","300,073.39","31,486.52","2025-07","Sun Jul 20 2025 15:51:04 GMT+0100 (British Summer Time)"
"EMP050","Ibrahim","Gambo","ibrahim.gambo@example.com","282,072.58","31,332.46","0.00","19,180.93","50,000.00","281,559.19","23,976.17","2025-07","Sun Jul 20 2025 15:51:03 GMT+0100 (British Summer Time)"
"EMP051","Adanna","Nwachukwu","adanna.nwachukwu@example.com","368,265.83","44,828.26","0.00","25,042.08","","298,395.49","31,302.59","2025-07","Sun Jul 20 2025 15:51:04 GMT+0100 (British Summer Time)"
"EMP052","Sadiq","Lawal","sadiq.lawal@example.com","407,441.50","51,575.88","0.00","27,706.02","","328,159.60","34,632.53","2025-07","Sun Jul 20 2025 15:51:04 GMT+0100 (British Summer Time)"
"EMP053","Yewande","Ajayi","yewande.ajayi@example.com","482,650.08","65,034.00","0.00","32,820.21","","384,795.87","41,025.26","2025-07","Sun Jul 20 2025 15:51:04 GMT+0100 (British Summer Time)"
"EMP054","Chukwuemeka","Nnaji","chukwuemeka.nnaji@example.com","440,968.83","57,575.39","0.00","29,985.88","","353,407.56","37,482.35","2025-07","Sun Jul 20 2025 15:51:04 GMT+0100 (British Summer Time)"
"EMP055","Rashida","Bello","rashida.bello@example.com","283,477.58","31,552.45","0.00","19,276.47","","232,648.66","24,095.59","2025-07","Sun Jul 20 2025 15:51:04 GMT+0100 (British Summer Time)"
"EMP056","Bolaji","Ojo","bolaji.ojo@example.com","454,464.75","59,990.41","0.00","30,903.60","","363,570.74","38,629.50","2025-07","Sun Jul 20 2025 15:51:04 GMT+0100 (British Summer Time)"
"EMP057","Adefemi","Ogunbiyi","adefemi.ogunbiyi@example.com","316,251.92","36,684.13","0.00","21,505.13","","258,062.66","26,881.41","2025-07","Sun Jul 20 2025 15:51:04 GMT+0100 (British Summer Time)"
"EMP058","Precious","Uket","precious.uket@example.com","317,206.58","36,833.60","0.00","21,570.05","","258,802.93","26,962.56","2025-07","Sun Jul 20 2025 15:51:04 GMT+0100 (British Summer Time)"
"EMP059","Bayo","Williams","bayo.williams@example.com","322,565.83","37,672.73","0.00","21,934.48","","262,958.62","27,418.10","2025-07","Sun Jul 20 2025 15:51:05 GMT+0100 (British Summer Time)"
"EMP060","Ndidi","Nweke","ndidi.nweke@example.com","334,764.83","39,582.81","0.00","22,764.01","","272,418.01","28,455.01","2025-07","Sun Jul 20 2025 15:51:03 GMT+0100 (British Summer Time)"